"종목번호","종목명"
"005930","삼성전자"
"000660","SK하이닉스"
"005935","삼성전자우"
"005380","현대차"
"035420","NAVER"
"015760","한국전력"
"012330","현대모비스"
"028260","삼성물산"
"005490","POSCO"
"055550","신한지주"
"032830","삼성생명"
"105560","KB금융"
"051910","LG화학"
"090430","아모레퍼시픽"
"017670","SK텔레콤"
"034730","SK"
"096770","SK이노베이션"
"051900","LG생활건강"
"000270","기아차"
"033780","KT&G"
"251270","넷마블게임즈"
"066570","LG전자"
"000810","삼성화재"
"086790","하나금융지주"
"002790","아모레G"
"207940","삼성바이오로직스"
"003550","LG"
"011170","롯데케미칼"
"010950","S-Oil"
"068270","셀트리온"
"018260","삼성에스디에스"
"000030","우리은행"
"006400","삼성SDI"
"034220","LG디스플레이"
"009540","현대중공업"
"023530","롯데쇼핑"
"035250","강원랜드"
"030200","KT"
"010130","고려아연"
"021240","코웨이"
"036570","엔씨소프트"
"161390","한국타이어"
"004020","현대제철"
"024110","기업은행"
"035720","카카오"
"139480","이마트"
"047810","한국항공우주"
"006800","미래에셋대우"
"027410","BGF리테일"
"032640","LG유플러스"
"001040","CJ"
"009150","삼성전기"
"078930","GS"
"086280","현대글로비스"
"088350","한화생명"
"000720","현대건설"
"009240","한샘"
"004800","효성"
"018880","한온시스템"
"029780","삼성카드"
"005830","동부화재"
"097950","CJ제일제당"
"267250","현대로보틱스"
"009830","한화케미칼"
"036460","한국가스공사"
"010140","삼성중공업"
"008930","한미사이언스"
"001800","오리온"
"007070","GS리테일"
"128940","한미약품"
"000120","CJ대한통운"
"005940","NH투자증권"
"241560","두산밥캣"
"005387","현대차2우B"
"012750","에스원"
"002380","KCC"
"012630","현대산업"
"016360","삼성증권"
"001450","현대해상"
"047040","대우건설"
"138930","BNK금융지주"
"130960","CJ E&M"
"000880","한화"
"011070","LG이노텍"
"026960","동서"
"004990","롯데제과"
"003490","대한항공"
"071050","한국금융지주"
"086900","메디톡스"
"042660","대우조선해양"
"047050","포스코대우"
"088980","맥쿼리인프라"
"000100","유한양행"
"000210","대림산업"
"028670","팬오션"
"012450","한화테크윈"
"007310","오뚜기"
"008560","메리츠종금증권"
"034020","두산중공업"
"069960","현대백화점"
"079440","아이엔지생명"
"051600","한전KPS"
"005385","현대차우"
"028050","삼성엔지니어링"
"204320","만도"
"011780","금호석유"
"016170","로엔"
"090435","아모레퍼시픽우"
"008770","호텔신라"
"030000","제일기획"
"004170","신세계"
"006260","LS"
"005300","롯데칠성"
"006360","GS건설"
"139130","DGB금융지주"
"006280","녹십자"
"000150","두산"
"000060","메리츠화재"
"041960","코미팜"
"002550","KB손해보험"
"004370","농심"
"138040","메리츠금융지주"
"010060","OCI"
"042670","두산인프라코어"
"000240","한국타이어월드와이드"
"036490","SK머티리얼즈"
"005610","SPC삼립"
"010620","현대미포조선"
"064350","현대로템"
"001740","SK네트웍스"
"011210","현대위아"
"161890","한국콜마"
"039490","키움증권"
"120110","코오롱인더"
"079550","LIG넥스원"
"000670","영풍"
"003520","영진약품"
"079160","CJ CGV"
"011200","현대상선"
"010120","LS산전"
"082640","동양생명"
"017800","현대엘리베이"
"056190","에스에프에이"
"057050","현대홈쇼핑"
"005440","현대그린푸드"
"006120","SK케미칼"
"006650","대한유화"
"078340","컴투스"
"145020","휴젤"
"005250","녹십자홀딩스"
"000080","하이트진로"
"111770","영원무역"
"001440","대한전선"
"084990","바이로메드"
"051915","LG화학우"
"114090","GKL"
"034230","파라다이스"
"003410","쌍용양회"
"010780","아이에스동서"
"028150","GS홈쇼핑"
"071970","STX중공업"
"192400","쿠쿠전자"
"071840","롯데하이마트"
"014820","동원시스템즈"
"003690","코리안리"
"002350","넥센타이어"
"192820","코스맥스"
"073240","금호타이어"
"214320","이노션"
"051905","LG생활건강우"
"180640","한진칼"
"001120","LG상사"
"181710","NHN엔터테인먼트"
"035760","CJ오쇼핑"
"185750","종근당"
"046890","서울반도체"
"240810","원익IPS"
"006040","동원산업"
"103140","풍산"
"039030","이오테크닉스"
"001230","동국제강"
"069620","대웅제약"
"002620","제일약품"
"000070","삼양홀딩스"
"011790","SKC"
"102940","코오롱생명과학"
"022100","포스코 ICT"
"018670","SK가스"
"105630","한세실업"
"108230","톱텍"
"004000","롯데정밀화학"
"069260","휴켐스"
"039130","하나투어"
"003620","쌍용차"
"003240","태광산업"
"049770","동원F&B"
"145990","삼양사"
"267260","현대일렉트릭"
"001430","세아베스틸"
"096530","씨젠"
"192080","더블유게임즈"
"175330","JB금융지주"
"003000","부광약품"
"000990","동부하이텍"
"003300","한일시멘트"
"020560","아시아나항공"
"014680","한솔케미칼"
"036830","솔브레인"
"023590","다우기술"
"108670","LG하우시스"
"002270","롯데푸드"
"000640","동아쏘시오홀딩스"
"012510","더존비즈온"
"052690","한전기술"
"001060","JW중외제약"
"008000","도레이케미칼"
"001680","대상"
"089590","제주항공"
"237690","에스티팜"
"267270","현대건설기계"
"048260","오스템임플란트"
"006840","AK홀딩스"
"081660","휠라코리아"
"226320","잇츠스킨"
"123890","한국자산신탁"
"034830","한국토지신탁"
"071320","지역난방공사"
"003670","포스코켐텍"
"170900","동아에스티"
"020000","한섬"
"053210","스카이라이프"
"085620","미래에셋생명"
"002020","코오롱"
"098460","고영"
"020150","일진머티리얼즈"
"265520","AP시스템"
"025540","한국단자"
"115390","락앤락"
"007570","일양약품"
"003470","유안타증권"
"093050","LF"
"037560","CJ헬로비전"
"003090","대웅"
"069080","웹젠"
"005990","매일유업"
"214370","케어젠"
"095700","제넥신"
"237880","클리오"
"005180","빙그레"
"034310","NICE"
"009970","영원무역홀딩스"
"215600","신라젠"
"093370","후성"
"019680","대교"
"009420","한올바이오파마"
"100120","뷰웍스"
"002240","고려제강"
"068760","셀트리온제약"
"064960","S&T모티브"
"000370","한화손해보험"
"060980","한라홀딩스"
"192530","광주은행"
"085660","차바이오텍"
"033920","무학"
"003920","남양유업"
"058470","리노공업"
"005850","에스엘"
"003540","대신증권"
"200130","콜마비앤에이치"
"086450","동국제약"
"122870","와이지엔터테인먼트"
"024720","한국콜마홀딩스"
"051370","인터플렉스"
"031440","신세계푸드"
"007340","동아타이어"
"066575","LG전자우"
"005880","대한해운"
"041510","에스엠"
"021960","KB캐피탈"
"003030","세아제강"
"101530","해태제과식품"
"000815","삼성화재우"
"025980","에머슨퍼시픽"
"006730","서부T&D"
"006060","화승인더"
"080160","모두투어"
"053800","안랩"
"030530","원익홀딩스"
"058650","세아홀딩스"
"091700","파트론"
"039840","디오"
"029530","신도리코"
"001520","동양"
"138250","엔에스쇼핑"
"065620","제낙스"
"004490","세방전지"
"044490","태웅"
"112040","위메이드"
"029460","케이씨텍"
"002960","한국쉘석유"
"031430","신세계인터내셔날"
"095610","테스"
"036930","주성엔지니어링"
"072710","농심홀딩스"
"178920","SKC코오롱PI"
"096760","JW홀딩스"
"025860","남해화학"
"030190","NICE평가정보"
"078160","메디포스트"
"028300","에이치엘비"
"005290","동진쎄미켐"
"078520","에이블씨엔씨"
"108320","실리콘웍스"
"213420","덕산네오룩스"
"079430","현대리바트"
"023890","아트라스BX"
"017810","풀무원"
"070960","용평리조트"
"003530","한화투자증권"
"003230","삼양식품"
"009450","경동나비엔"
"004430","송원산업"
"042700","한미반도체"
"088390","이녹스"
"009410","태영건설"
"005500","삼진제약"
"122900","아이마켓코리아"
"001720","신영증권"
"009290","광동제약"
"107590","미원에스씨"
"249420","일동제약"
"034120","SBS"
"036580","팜스코"
"004690","삼천리"
"036420","제이콘텐트리"
"008060","대덕전자"
"241590","화승엔터프라이즈"
"078150","HB테크놀러지"
"025900","동화기업"
"078020","이베스트투자증권"
"206640","바디텍메드"
"015750","성우하이텍"
"213500","한솔제지"
"066970","엘앤에프"
"003850","보령제약"
"007700","F&F"
"053030","바이넥스"
"104830","원익머트리얼즈"
"008490","서흥"
"023410","유진기업"
"032190","다우데이타"
"043150","바텍"
"051500","CJ프레시웨이"
"126560","현대에이치씨엔"
"210980","SK디앤디"
"011810","STX"
"222040","뉴트리바이오텍"
"030520","한글과컴퓨터"
"014830","유니드"
"082270","젬백스"
"064760","티씨케이"
"025620","제이준코스메틱"
"017940","E1"
"119610","인터로조"
"005720","넥센"
"038500","삼표시멘트"
"013120","동원개발"
"115960","연우"
"090470","제이스텍"
"017390","서울가스"
"101060","SBS미디어홀딩스"
"092040","아미코젠"
"033660","아주캐피탈"
"089600","나스미디어"
"083790","크리스탈"
"067080","대화제약"
"001510","SK증권"
"000050","경방"
"037710","광주신세계"
"145720","덴티움"
"002795","아모레G우"
"099190","아이센스"
"00088K","한화3우B"
"025770","한국정보통신"
"003220","대원제약"
"058820","CMG제약"
"161000","애경유화"
"016250","이테크건설"
"084370","유진테크"
"097230","한진중공업"
"100130","동국S&C"
"063080","게임빌"
"041830","인바디"
"015350","부산가스"
"108790","인터파크"
"214420","토니모리"
"005810","풍산홀딩스"
"016450","한세예스24홀딩스"
"182400","에이티젠"
"048530","인트론바이오"
"000400","롯데손해보험"
"049950","미래컴퍼니"
"003800","에이스침대"
"016380","동부제철"
"123100","테라세미콘"
"115450","지트리비앤티"
"104700","한국철강"
"200880","서연이화"
"094800","맵스리얼티1"
"002320","한진"
"080420","모다이노칩"
"032350","롯데관광개발"
"024660","하림홀딩스"
"112610","씨에스윈드"
"016800","퍼시스"
"084690","대상홀딩스"
"000480","조선내화"
"002780","진흥기업"
"003120","일성신약"
"007160","사조산업"
"102460","이연제약"
"001200","유진투자증권"
"006390","현대시멘트"
"016100","리더스코스메틱"
"031390","녹십자셀"
"038540","텍셀네트컴"
"030610","교보증권"
"243070","휴온스"
"035810","이지바이오"
"090460","비에이치"
"036540","SFA반도체"
"200230","텔콘"
"001630","종근당홀딩스"
"019170","신풍제약"
"002250","알보젠코리아"
"001780","알루코"
"241710","코스메카코리아"
"004710","한솔테크닉스"
"013030","하이록코리아"
"007820","에스엠코어"
"136490","선진"
"214450","파마리서치프로덕트"
"001725","신영증권우"
"084110","휴온스글로벌"
"086520","에코프로"
"049960","쎌바이오텍"
"086980","쇼박스"
"002990","금호산업"
"011930","신성이엔지"
"152330","코리아오토글라스"
"060240","룽투코리아"
"008730","율촌화학"
"064240","홈캐스트"
"214390","경보제약"
"010955","S-Oil우"
"033270","유나이티드제약"
"122990","와이솔"
"001500","HMC투자증권"
"044820","코스맥스비티아이"
"000250","삼천당제약"
"077970","STX엔진"
"095340","ISC"
"016580","환인제약"
"067290","JW신약"
"195870","해성디에스"
"900140","코라오홀딩스"
"215000","골프존"
"228850","레이언스"
"003060","에이프로젠제약"
"095660","네오위즈"
"192440","슈피겐코리아"
"035080","인터파크홀딩스"
"065160","에프티이앤이"
"004380","삼익THK"
"004130","대덕GDS"
"002810","삼영무역"
"000155","두산우"
"033290","코웰패션"
"035600","KG이니시스"
"136480","하림"
"085370","루트로닉"
"068240","다원시스"
"007810","코리아써키트"
"010050","우리종금"
"004360","세방"
"095570","AJ네트웍스"
"014620","성광벤드"
"004150","한솔홀딩스"
"002390","한독"
"003570","S&T중공업"
"036630","세종텔레콤"
"123690","한국화장품"
"141080","레고켐바이오"
"009680","모토닉"
"033240","자화전자"
"005740","크라운해태홀딩스"
"200670","휴메딕스"
"000430","대원강업"
"025000","KPX케미칼"
"017960","한국카본"
"001130","대한제분"
"095720","웅진씽크빅"
"052260","SK바이오랜드"
"215790","이노인스트루먼트"
"043370","평화정공"
"031980","피에스케이"
"054950","제이브이엠"
"041140","넥슨지티"
"008700","아남전자"
"043610","지니뮤직"
"114570","지스마트글로벌"
"006380","카프로"
"005090","삼광글라스"
"038290","마크로젠"
"007690","국도화학"
"115160","휴맥스"
"027050","코리아나"
"057500","SKC 솔믹스"
"183190","아세아시멘트"
"003200","일신방직"
"082740","두산엔진"
"102710","이엔에프테크놀로지"
"144510","녹십자랩셀"
"087010","펩트론"
"011760","현대상사"
"137940","넥스트아이"
"064260","다날"
"011370","서한"
"001250","GS글로벌"
"102260","동성코퍼레이션"
"040910","아이씨디"
"168330","내츄럴엔도텍"
"201490","미투온"
"007210","벽산"
"005680","삼영전자"
"141000","비아트론"
"005690","파미셀"
"014200","광림"
"013520","화승알앤에이"
"036800","나이스정보통신"
"000140","하이트진로홀딩스"
"003560","IHQ"
"092230","KPX홀딩스"
"060250","NHN한국사이버결제"
"143240","사람인에이치알"
"000540","흥국화재"
"002000","한국유리"
"019210","와이지-원"
"001880","삼호"
"079980","휴비스"
"067000","조이시티"
"004700","조광피혁"
"194370","제이에스코퍼레이션"
"069110","코스온"
"900270","헝셩그룹"
"000020","동화약품"
"095270","웨이브일렉트로"
"084010","대한제강"
"011040","경동제약"
"089140","넥스턴"
"171120","라이온켐텍"
"005160","동국산업"
"036530","S&T홀딩스"
"088130","동아엘텍"
"009580","무림P&P"
"089470","현대EP"
"060300","레드로버"
"160550","NEW"
"178320","서진시스템"
"036030","KTH"
"060720","KH바텍"
"199800","툴젠"
"225530","보광산업"
"035890","서희건설"
"052710","아모텍"
"223310","이에스브이"
"000860","강남제비스코"
"023160","태광"
"007390","네이처셀"
"068400","AJ렌터카"
"067160","아프리카TV"
"039570","아이콘트롤스"
"900290","GRT"
"031330","에스에이엠티"
"005960","동부건설"
"000680","LS네트웍스"
"032500","케이엠더블유"
"007860","서연"
"138490","코오롱플라스틱"
"018120","진로발효"
"215360","우리산업"
"013990","아가방컴퍼니"
"004250","NPC"
"054050","농우바이오"
"035900","JYP Ent."
"005950","이수화학"
"001940","KISCO홀딩스"
"082920","비츠로셀"
"086390","유니테스트"
"004060","SG세계물산"
"900260","로스웰"
"121440","골프존뉴딘"
"004970","신라교역"
"001460","BYC"
"067390","아스트"
"063570","한국전자금융"
"015860","일진홀딩스"
"264900","크라운제과"
"003070","코오롱글로벌"
"234080","JW생명과학"
"054670","대한뉴팜"
"068790","DMS"
"005389","현대차3우B"
"003545","대신증권우"
"222800","심텍"
"012690","모나리자"
"015360","예스코"
"217480","에스디생명공학"
"033640","네패스"
"089030","테크윙"
"045100","한양이엔지"
"001790","대한제당"
"036190","금화피에스시"
"010690","화신"
"030210","KTB투자증권"
"074430","아미노로직스"
"093920","서원인텍"
"060150","인선이엔티"
"037950","엘컴텍"
"092200","디아이씨"
"060280","큐렉소"
"002630","오리엔트바이오"
"033560","블루콤"
"067280","멀티캠퍼스"
"046440","KG모빌리언스"
"900300","오가닉티코스메틱"
"004440","대림씨엔에스"
"011280","태림포장"
"011160","두산건설"
"040350","큐로컴"
"053300","한국정보인증"
"000970","한국주철관"
"002030","아세아"
"052330","코텍"
"067830","세이브존I&C"
"123420","선데이토즈"
"003280","흥아해운"
"077500","유니퀘스트"
"027390","한화갤러리아타임월드"
"000390","삼화페인트"
"097955","CJ제일제당 우"
"052790","액토즈소프트"
"092730","네오팜"
"000180","성창기업지주"
"035150","백산"
"053450","세코닉스"
"102280","쌍방울"
"002450","삼익악기"
"004840","DRB동일"
"049070","인탑스"
"193250","와이제이엠게임즈"
"077360","덕산하이메탈"
"000230","일동홀딩스"
"004540","깨끗한나라"
"018310","삼목에스폼"
"012700","리드코프"
"034950","한국기업평가"
"109960","에이프로젠 H&G"
"011690","유양디앤유"
"232140","와이아이케이"
"109610","에스와이패널"
"001270","부국증권"
"086960","MDS테크"
"002840","미원상사"
"183490","엔지켐생명과학"
"115180","큐리언트"
"143210","핸즈코퍼레이션"
"017890","한국알콜"
"064800","필링크"
"044450","KSS해운"
"168490","한국패러랠"
"096630","에스코넥"
"000320","노루홀딩스"
"004870","티웨이홀딩스"
"033160","엠케이전자"
"220630","해마로푸드서비스"
"144960","뉴파워프라즈마"
"061460","한진피앤씨"
"054780","키이스트"
"044340","위닉스"
"046210","파나진"
"229640","LS전선아시아"
"191420","테고사이언스"
"097520","엠씨넥스"
"004960","한신공영"
"900040","차이나그레이트"
"079370","제우스"
"021820","세원정공"
"014470","부방"
"036200","유니셈"
"021320","KCC건설"
"007660","이수페타시스"
"058430","포스코강판"
"094280","효성ITX"
"002460","화성산업"
"084680","이월드"
"100220","비상교육"
"033530","세종공업"
"114810","아이원스"
"004560","현대비앤지스틸"
"900250","크리스탈신소재"
"014280","금강공업"
"035620","바른손이앤에이"
"046140","SBS콘텐츠허브"
"100250","진양홀딩스"
"041440","에버다임"
"019440","세아특수강"
"012610","경인양행"
"007980","태평양물산"
"071200","인피니트헬스케어"
"026890","디피씨"
"025560","미래산업"
"103590","일진전기"
"010820","퍼스텍"
"090710","디에스티로봇"
"114120","크루셜텍"
"054620","APS홀딩스"
"194480","데브시스터즈"
"100700","세운메디칼"
"004890","동일산업"
"012200","계양전기"
"004980","성신양회"
"002150","도화엔지니어링"
"200780","비씨월드제약"
"073560","우리손에프앤지"
"029960","코엔텍"
"013570","디와이"
"002310","아세아제지"
"047310","파워로직스"
"001045","CJ우"
"020760","일진디스플"
"060570","아이리버"
"196170","알테오젠"
"033500","동성화인텍"
"035610","솔본"
"203690","프로스테믹스"
"104200","NHN벅스"
"004650","창해에탄올"
"087260","모바일어플라이언스"
"039440","에스티아이"
"036890","진성티이씨"
"066700","테라젠이텍스"
"038060","루멘스"
"117580","대성에너지"
"024950","삼천리자전거"
"042520","한스바이오메드"
"206560","덱스터"
"248170","샘표식품"
"194510","파티게임즈"
"016610","동부증권"
"023910","대한약품"
"067170","오텍"
"003160","디아이"
"053980","오상자이엘"
"090360","로보스타"
"104480","티케이케미칼"
"111110","호전실업"
"003460","유화증권"
"014790","한라"
"238090","앤디포스"
"166090","하나머티리얼즈"
"066980","브레인콘텐츠"
"140410","메지온"
"000700","유수홀딩스"
"187420","제노포커스"
"002360","SH에너지화학"
"094480","갤럭시아컴즈"
"102120","어보브반도체"
"005390","신성통상"
"084870","TBH글로벌"
"217270","넵튠"
"083310","엘오티베큠"
"052420","오성엘에스티"
"005870","휴니드"
"035000","지투알"
"006220","제주은행"
"060560","홈센타홀딩스"
"092130","이크레더블"
"091120","이엠텍"
"039200","오스코텍"
"216050","인크로스"
"065680","우주일렉트로"
"050110","캠시스"
"151910","나노스"
"011000","진원생명과학"
"149940","모다"
"043290","케이맥"
"002170","삼양통상"
"096690","제이스테판"
"016880","웅진"
"236200","슈프리마"
"052400","코나아이"
"097780","에스맥"
"065060","지엔코"
"000490","대동공업"
"091090","세원셀론텍"
"090350","노루페인트"
"089230","THE E&M"
"071055","한국금융지주우"
"001380","SG충방"
"008290","원풍물산"
"080000","에스엔유"
"009440","KC그린홀딩스"
"950140","잉글우드랩(Reg.S)"
"003480","한진중공업홀딩스"
"041460","한국전자인증"
"089980","상아프론테크"
"009270","신원"
"086890","이수앱지스"
"038880","아이에이"
"224060","코디엠"
"071280","로체시스템즈"
"001540","안국약품"
"015710","코콤"
"007720","대명코퍼레이션"
"214430","아이쓰리시스템"
"233990","하우동천"
"183300","코미코"
"082210","옵트론텍"
"028100","동아지질"
"001390","KG케미칼"
"005945","NH투자증권우"
"006490","인스코비"
"013580","계룡건설"
"053350","이니텍"
"111820","처음앤씨"
"094850","참좋은레져"
"092600","넥스트칩"
"078890","가온미디어"
"024090","디씨엠"
"065510","휴비츠"
"042040","케이피엠테크"
"166480","코아스템"
"155650","와이엠씨"
"060590","씨티씨바이오"
"045390","대아티아이"
"083650","비에이치아이"
"101330","모베이스"
"065660","안트로젠"
"008600","윌비스"
"001470","삼부토건"
"048550","SM C&C"
"069640","엠케이트렌드"
"020710","시공테크"
"032620","유비케어"
"126700","하이비젼시스템"
"033110","이디"
"067630","에이치엘비생명과학"
"092070","디엔에프"
"003650","미창석유"
"195990","유지인트"
"001360","삼성제약"
"054800","아이디스홀딩스"
"204630","화이브라더스"
"001820","삼화콘덴서"
"900120","씨케이에이치"
"036000","예림당"
"048870","코아로직"
"217730","강스템바이오텍"
"205500","액션스퀘어"
"063170","서울옥션"
"131030","디에이치피코리아"
"072020","중앙백신"
"099320","쎄트렉아이"
"130660","한전산업"
"042420","네오위즈홀딩스"
"014100","보령메디앙스"
"023000","삼원강재"
"053610","프로텍"
"038390","레드캡투어"
"002300","한국제지"
"075180","새론오토모티브"
"227840","현대코퍼레이션홀딩스"
"009310","참엔지니어링"
"228340","동양파일"
"219550","한강인터트레이드"
"143540","영우디에스피"
"078140","대봉엘에스"
"058400","KNN"
"134380","미원화학"
"012170","키위미디어그룹"
"900100","뉴프라이드"
"011090","에넥스"
"074600","원익QnC"
"002600","조흥"
"005800","신영와코루"
"016090","대현"
"002800","신신제약"
"043340","에쎈테크"
"006370","대구백화점"
"104540","코렌텍"
"026040","제이에스티나"
"123410","코리아에프티"
"003830","대한화섬"
"016710","대성홀딩스"
"001840","이화공영"
"009160","SIMPAC"
"052020","에스티큐브"
"005710","대원산업"
"037460","삼지전자"
"015890","태경산업"
"067370","선바이오"
"121600","나노신소재"
"095500","미래나노텍"
"041650","상신브레이크"
"036560","영풍정밀"
"027710","팜스토리"
"204990","현성바이탈"
"034300","신세계건설"
"012160","영흥철강"
"096775","SK이노베이션우"
"096640","멜파스"
"069510","에스텍"
"049520","유아이엘"
"003350","한국화장품제조"
"000040","KR모터스"
"034940","조아제약"
"221840","하이즈항공"
"109740","디에스케이"
"065150","MP그룹"
"950130","엑세스바이오"
"017900","광전자"
"138690","엘아이에스"
"267290","경동도시가스"
"075580","세진중공업"
"037270","YG PLUS"
"004910","조광페인트"
"023760","한국캐피탈"
"002880","대유에이텍"
"006910","보성파워텍"
"008350","남선알미늄"
"049480","오픈베이스"
"002700","신일산업"
"211270","AP위성"
"131370","알서포트"
"210540","디와이파워"
"011700","한신기계"
"025750","한솔홈데코"
"002820","선창산업"
"000650","천일고속"
"039560","다산네트웍스"
"001530","동일방직"
"040610","SG&G"
"051360","토비스"
"054450","텔레칩스"
"900280","골든센츄리"
"017040","광명전기"
"012030","동부"
"041910","에스텍파마"
"230360","에코마케팅"
"047770","코데즈컴바인"
"034810","해성산업"
"003555","LG우"
"222420","쎄노텍"
"123860","아나패스"
"092440","기신정기"
"034590","인천도시가스"
"205100","엑셈"
"005750","대림B&Co"
"033320","제이씨현시스템"
"136540","윈스"
"005430","한국공항"
"035510","신세계 I&C"
"009300","삼아제약"
"018500","동원금속"
"108380","대양전기공업"
"103130","웅진에너지"
"014530","극동유화"
"004200","고려개발"
"072470","우리산업홀딩스"
"122640","예스티"
"002100","경농"
"004720","우리들제약"
"111870","삼본정밀전자"
"001340","백광산업"
"004310","현대약품"
"190510","나무가"
"222110","팬젠"
"072870","메가스터디"
"022220","정산애강"
"049800","우진플라임"
"064520","바른전자"
"006090","사조오양"
"152550","한국ANKOR유전"
"163560","동일고무벨트"
"003080","성보화학"
"079950","인베니아"
"241790","오션브릿지"
"017180","명문제약"
"046070","코다코"
"024810","이화전기"
"088800","에이스테크"
"02826K","삼성물산우B"
"100840","S&TC"
"010170","대한광통신"
"900080","에스앤씨엔진그룹"
"234920","자이글"
"018000","유니슨"
"058610","에스피지"
"047400","쌍용머티리얼"
"003100","선광"
"151860","KG ETS"
"054210","이랜텍"
"067990","도이치모터스"
"065940","바이오빌"
"251370","와이엠티"
"056700","신화인터텍"
"039860","나노엔텍"
"040160","누리텔레콤"
"049630","재영솔루텍"
"039980","리노스"
"025320","시노펙스"
"058860","케이티스"
"096240","청담러닝"
"032560","황금에스티"
"025440","대성엘텍"
"093190","빅솔론"
"063760","이엘피"
"033170","시그네틱스"
"067310","하나마이크론"
"192250","케이사인"
"126600","코프라"
"002900","동양물산"
"047080","한빛소프트"
"068330","일신바이오"
"063160","종근당바이오"
"026180","현대정보기술"
"010960","삼호개발"
"140070","서플러스글로벌"
"041590","젬백스테크놀러지"
"061040","알에프텍"
"239610","에이치엘사이언스"
"061970","엘비세미콘"
"049080","기가레인"
"264450","유비쿼스"
"225330","씨엠에스에듀"
"011150","CJ씨푸드"
"000890","보해양조"
"048410","현대아이비티"
"002920","유성기업"
"007330","푸른저축은행"
"041520","이라이콤"
"005980","성지건설"
"241520","DSC인베스트먼트"
"173940","에프엔씨엔터"
"100090","삼강엠앤티"
"040420","정상제이엘에스"
"007110","일신석재"
"084730","팅크웨어"
"065650","메디프론"
"140860","파크시스템스"
"043650","국순당"
"065130","탑엔지니어링"
"009780","엠에스씨"
"084180","수성"
"101490","에스앤에스텍"
"004780","대륙제관"
"008260","NI스틸"
"131970","테스나"
"053590","한국테크놀로지"
"009770","삼정펄프"
"117670","알파홀딩스"
"225650","쿠첸"
"053280","예스24"
"042370","비츠로테크"
"019660","글로본"
"012790","신일제약"
"066110","한프"
"214180","민앤지"
"014710","사조씨푸드"
"048430","유라테크"
"058530","크레아플래닛"
"155660","DSR"
"078000","텔코웨어"
"012320","경동인베스트"
"019550","SBI인베스트먼트"
"057540","옴니시스템"
"009520","포스코엠텍"
"066620","국보디자인"
"009200","무림페이퍼"
"001020","페이퍼코리아"
"066910","손오공"
"000850","화천기공"
"041920","메디아나"
"016590","신대양제지"
"088910","동우팜투테이블"
"053690","한미글로벌"
"017370","우신시스템"
"122450","KMH"
"003960","사조대림"
"149950","아바텍"
"071460","대유위니아"
"013310","아진산업"
"144620","코오롱머티리얼"
"950110","SBI액시즈"
"005010","휴스틸"
"161570","미동앤씨네마"
"099440","스맥"
"060370","KT서브마린"
"008970","동양철관"
"069920","아이에스이커머스"
"000215","대림산업우"
"080520","오디텍"
"131290","티에스이"
"147760","마이크로프랜드"
"078070","유비쿼스홀딩스"
"066900","디에이피"
"036710","심텍홀딩스"
"040300","YTN"
"008040","사조동아원"
"217600","켐온"
"056090","유앤아이"
"027040","서울전자통신"
"007540","샘표"
"079960","동양이엔피"
"189300","인텔리안테크"
"024890","대원화성"
"900180","완리"
"005860","한일사료"
"004080","신흥"
"058850","KTcs"
"018470","조일알미늄"
"206400","엔터메이트"
"052770","와이디온라인"
"087600","픽셀플러스"
"142280","녹십자엠에스"
"033180","필룩스"
"214270","퓨쳐스트림네트웍스"
"068290","삼성출판사"
"006980","우성사료"
"208640","썸에이지"
"241690","유니테크노"
"023350","한국종합기술"
"147830","제룡산업"
"045970","코아시아홀딩스"
"058730","동아에스텍"
"060310","3S"
"037350","성도이엔지"
"014160","대영포장"
"001570","금양"
"061250","화일약품"
"122350","삼기오토모티브"
"108860","셀바스AI"
"027740","마니커"
"039830","오로라"
"208710","바이오로그디바이스"
"083930","아바코"
"014990","인디에프"
"006405","삼성SDI우"
"012800","대창"
"015230","대창단조"
"101390","아이엠"
"038680","에스넷"
"013870","지엠비코리아"
"027830","대성창투"
"105840","우진"
"160980","싸이맥스"
"059090","미코"
"032850","비트컴퓨터"
"043100","솔고바이오"
"099660","한솔신텍"
"023600","삼보판지"
"056080","유진로봇"
"130580","나이스디앤비"
"131390","피앤이솔루션"
"030270","에스마크"
"180400","엠지메드"
"067570","엔브이에이치코리아"
"053620","태양"
"000500","가온전선"
"084670","동양고속"
"047820","초록뱀"
"014440","영보화학"
"058630","엠게임"
"123700","SJM"
"019685","대교우B"
"049180","셀루메드"
"042510","라온시큐어"
"246690","티에스인베스트먼트"
"185490","아이진"
"900130","웨이포트"
"091970","나노캠텍"
"079970","투비소프트"
"085310","엔케이"
"024800","유성티엔에스"
"069410","엔텔스"
"001070","대한방직"
"064480","브리지텍"
"900050","중국원양자원"
"052290","트레이스"
"069730","DSR제강"
"004450","삼화왕관"
"007590","동방아그로"
"149980","하이로닉"
"021080","에이티넘인베스트"
"049470","SGA"
"008250","이건산업"
"023430","아이이"
"039340","한국경제TV"
"215200","메가스터디교육"
"005190","동성화학"
"138080","오이솔루션"
"215480","토박스코리아"
"159580","제로투세븐"
"123330","제닉"
"036010","아비코전자"
"042110","에스씨디"
"187220","디티앤씨"
"048770","TPC"
"092220","KEC"
"001750","한양증권"
"076610","해성옵틱스"
"006660","삼성공조"
"083500","에프엔에스테크"
"137400","피엔티"
"017550","수산중공업"
"106240","파인테크닉스"
"000590","CS홀딩스"
"023800","인지컨트롤스"
"106190","하이텍팜"
"009155","삼성전기우"
"005305","롯데칠성우"
"119860","다나와"
"016600","큐캐피탈"
"039290","인포뱅크"
"189980","흥국에프엔비"
"038870","에코바이오"
"000300","대유플러스"
"206650","유바이오로직스"
"143160","아이디스"
"009070","KCTC"
"002230","피에스텍"
"095910","에스에너지"
"064550","바이오니아"
"032790","엠젠플러스"
"039230","폭스브레인"
"159910","스킨앤스킨"
"120030","조선선재"
"006570","대림통상"
"129260","인터지스"
"003610","방림"
"222080","씨아이에스"
"073070","넥센테크"
"137950","제이씨케미칼"
"049430","코메론"
"065450","빅텍"
"024120","KB오토시스"
"030960","양지사"
"142760","바이오리더스"
"080220","제주반도체"
"043200","파루"
"036670","KCI"
"030350","드래곤플라이"
"053700","삼보모터스"
"016670","포비스티앤씨"
"005620","대성합동지주"
"037070","파세코"
"081000","일진다이아"
"112240","에스에프씨"
"023450","동남합성"
"065950","웰크론"
"083640","인콘"
"033100","제룡전기"
"002210","동성제약"
"073110","엘엠에스"
"006340","대원전선"
"050090","휘닉스소재"
"004770","써니전자"
"123840","한일진공"
"900070","글로벌에스엠"
"138070","신진에스엠"
"059210","메타바이오메드"
"093240","형지엘리트"
"018290","지엠피"
"142210","유니트론텍"
"052220","iMBC"
"048910","대원미디어"
"014970","삼륭물산"
"079810","디이엔티"
"010280","쌍용정보통신"
"092870","엑시콘"
"086040","바이오톡스텍"
"011560","세보엠이씨"
"023900","풍국주정"
"115310","인포바인"
"043710","서울리거"
"127710","아시아경제"
"037330","인지디스플레"
"004100","태양금속"
"024910","경창산업"
"133750","메가엠디"
"043090","팜스웰바이오"
"134780","화진"
"004830","덕성"
"204840","지엘팜텍"
"038460","바이오스마트"
"008870","금비"
"092460","한라IMS"
"033830","티비씨"
"128820","대성산업"
"027580","상보"
"079190","EMW"
"131760","파인텍"
"031510","오스템"
"094840","슈프리마에이치큐"
"012860","서연전자"
"036690","코맥스"
"085810","알티캐스트"
"001260","남광토건"
"047560","이스트소프트"
"091590","남화토건"
"068930","디지털대성"
"033130","디지틀조선"
"013360","일성건설"
"012280","영화금속"
"083420","KPX그린케미칼"
"079940","가비아"
"017510","세명전기"
"036810","에프에스티"
"025550","한국선재"
"120115","코오롱인더우"
"065570","삼영이엔씨"
"018620","우진비앤지"
"203650","드림시큐리티"
"011330","유니켐"
"095190","이엠코리아"
"011785","금호석유우"
"079650","서산"
"006805","미래에셋대우우"
"071670","에이테크솔루션"
"214680","디알텍"
"018680","서울제약"
"081580","성우전자"
"038070","서린바이오"
"079660","사조해표"
"054040","한국컴퓨터"
"011500","한농화성"
"119650","KC코트렐"
"083660","CSA 코스믹"
"046940","우원개발"
"036090","위지트"
"03473K","SK우"
"025530","SJM홀딩스"
"019540","일지테크"
"900090","차이나하오란"
"001620","동국실업"
"065170","넥스트BT"
"049120","파인디앤씨"
"114630","우노앤컴퍼니"
"045510","정원엔시스"
"036180","영인프런티어"
"045520","크린앤사이언스"
"133820","화인베스틸"
"006140","피제이전자"
"123040","엠에스오토텍"
"065530","전파기지국"
"207760","미스터블루"
"229500","노브메타파마"
"101000","디엠씨"
"003547","대신증권2우B"
"016740","두올"
"160600","에스엔텍"
"010100","한국프랜지"
"089010","켐트로닉스"
"017000","신원종합개발"
"170030","현대공업"
"033540","파라텍"
"032940","원익"
"120240","대정화금"
"014570","고려제약"
"150440","피노텍"
"001080","만호제강"
"089850","유비벨록스"
"011420","갤럭시아에스엠"
"014580","백광소재"
"017680","데코앤이"
"032960","동일기연"
"131180","딜리"
"006920","모헨즈"
"041930","동아화성"
"017480","삼현철강"
"005360","모나미"
"049830","승일"
"028080","휴맥스홀딩스"
"084650","랩지노믹스"
"250060","모비스"
"050890","쏠리드"
"001810","무림SP"
"039310","세중"
"032680","소프트센"
"036170","씨티엘"
"078860","아이오케이"
"009320","대우부품"
"121800","비덴트"
"005070","코스모신소재"
"001210","금호전기"
"002720","국제약품"
"032040","C&S자산관리"
"032540","TJ미디어"
"066670","디스플레이텍"
"005420","코스모화학"
"083470","KJ프리텍"
"122690","서진오토모티브"
"039010","현대통신"
"038160","팍스넷"
"035480","마제스타"
"052300","W홀딩컴퍼니"
"094820","일진파워"
"212560","네오오토"
"237720","케이엠제약"
"004270","남성"
"156100","엘앤케이바이오"
"145210","세화아이엠씨"
"059100","아이컴포넌트"
"006125","SK케미칼우"
"072130","유엔젤"
"002140","고려산업"
"031310","아이즈비전"
"010470","오리콤"
"208370","셀바스헬스케어"
"119850","지엔씨에너지"
"014130","한익스프레스"
"090730","SIMPAC Metal"
"051780","큐로홀딩스"
"177350","베셀"
"064090","한양하이타오"
"101730","조이맥스"
"053260","금강철강"
"170920","엘티씨"
"214870","에치디프로"
"002760","보락"
"033200","모아텍"
"140520","대창스틸"
"019010","그랜드백화점"
"050540","한국코퍼레이션"
"033230","인성정보"
"200470","하이셈"
"021050","서원"
"033340","좋은사람들"
"035290","에이원앤"
"032800","판타지오"
"088790","진도"
"080530","코디"
"221980","케이디켐"
"118000","우리들휴브레인"
"006880","신송홀딩스"
"073490","이노와이어리스"
"066590","우수AMS"
"154040","솔루에타"
"226350","아이엠텍"
"196490","디에이테크놀로지"
"066310","큐에스아이"
"067900","와이엔텍"
"066130","하츠"
"037440","희림"
"004090","한국석유"
"184230","SGA솔루션즈"
"054220","비츠로시스"
"007610","선도전기"
"246720","아스타"
"080010","이상네트웍스"
"178780","유테크"
"078935","GS우"
"015260","에이엔피"
"216280","원텍"
"024880","케이피에프"
"094360","칩스앤미디어"
"217820","엔에스"
"126870","뉴로스"
"050960","수산아이앤티"
"044180","KD건설"
"013810","스페코"
"097870","효성오앤비"
"004740","보루네오"
"024830","세원물산"
"043220","에이치엘비파워"
"096610","알에프세미"
"003010","혜인"
"101170","우림기계"
"229000","젠큐릭스"
"071850","캐스텍코리아"
"066410","투윈글로벌"
"007120","미래아이앤지"
"037760","쎄니트"
"015590","대경기계"
"039420","케이엘넷"
"214330","금호에이치티"
"046970","우리로"
"002200","수출포장"
"177830","파버나인"
"000157","두산2우B"
"216400","바이오코아"
"010040","한국내화"
"017650","대림제지"
"001290","골든브릿지증권"
"056360","코위버"
"057030","와이비엠넷"
"115500","케이씨에스"
"114450","KPX생명과학"
"054540","삼영엠텍"
"093320","케이아이엔엑스"
"101240","씨큐브"
"096040","이트론"
"046390","삼화네트웍스"
"054090","삼진엘앤디"
"031860","엔에스엔"
"024070","WISCOM"
"176440","에이치엔티"
"065350","신성델타테크"
"025820","이구산업"
"004590","한국가구"
"083450","GST"
"078600","대주전자재료"
"024840","갑을메탈"
"043580","에임하이"
"006580","대양제지"
"006740","영풍제지"
"900110","이스트아시아홀딩스"
"008420","문배철강"
"090850","이지웰페어"
"045060","오공"
"019990","에너토크"
"007630","암니스"
"044380","주연테크"
"014190","원익큐브"
"072520","태양씨앤엘"
"099830","씨그널엔터테인먼트그룹"
"187790","나노"
"090080","평화산업"
"044480","유니더스"
"009460","한창제지"
"047920","씨트리"
"122800","썬텍"
"000910","유니온"
"054940","엑사이엔씨"
"052900","KMH하이텍"
"038950","파인디지털"
"094170","동운아나텍"
"241820","피씨엘"
"106520","디지탈옵틱"
"217950","바이오씨앤디"
"036640","HRS"
"042500","링네트"
"196300","애니젠"
"032820","우리기술"
"153490","우리이앤엘"
"011080","형지I&C"
"121850","코이즈"
"096300","베트남개발1"
"082850","우리이티아이"
"014940","오리엔탈정공"
"026260","보타바이오"
"059120","아진엑스텍"
"109860","동일금속"
"004140","동방"
"222980","한국맥널티"
"060260","뉴보텍"
"017250","인터엠"
"237750","피앤씨테크"
"011320","유니크"
"006890","태경화학"
"026940","부국철강"
"228760","지노믹트리"
"053290","능률교육"
"187270","신화콘텍"
"005450","신한"
"065710","서호전기"
"195440","퓨전데이타"
"001550","조비"
"037230","한국팩키지"
"001560","제일연마"
"150840","인트로메딕"
"138360","에이씨티"
"038620","위즈코프"
"056730","포스링크"
"049550","잉크테크"
"032080","아즈텍WB"
"050860","아세아텍"
"058220","아리온"
"083550","케이엠"
"208860","엔지스테크널러지"
"175140","인포마크"
"023810","인팩"
"197210","리드"
"126640","화신정공"
"053950","경남제약"
"102210","해덕파워웨이"
"065690","대진디엠피"
"039790","위노바"
"074610","이엔쓰리"
"145270","케이탑리츠"
"072990","에이치시티"
"093520","매커스"
"052670","제일바이오"
"002710","TCC동양"
"063440","에프엔씨애드컬쳐"
"037370","EG"
"062860","티엘아이"
"025950","동신건설"
"003310","대주산업"
"057680","옴니텔"
"203450","유니온커뮤니티"
"214310","세미콘라이트"
"028040","스페로 글로벌"
"039670","스포츠서울"
"002070","남영비비안"
"075130","플랜티넷"
"126880","제이엔케이히터"
"123750","알톤스포츠"
"005110","한창"
"018700","바른손"
"220250","카이노스메드"
"076080","웰크론한텍"
"124500","아이티센"
"030790","동양네트웍스"
"008470","부스타"
"191410","육일씨엔에쓰"
"044960","이-글 벳"
"136510","쎄미시스코"
"023460","CNH"
"042600","새로닉스"
"085910","네오티스"
"045660","에이텍"
"089150","케이씨티"
"041190","우리기술투자"
"023150","MH에탄올"
"053050","지에스이"
"000220","유유제약"
"068940","아이씨케이"
"174880","장원테크"
"026150","특수건설"
"038110","에코플라스틱"
"051490","나라엠앤디"
"155960","지디"
"003720","삼영화학"
"220180","핸디소프트"
"105550","트루윈"
"192390","윈하이텍"
"002410","범양건영"
"001275","부국증권우"
"213090","미래테크놀로지"
"108675","LG하우시스우"
"219750","지티지웰니스"
"057880","토필드"
"046110","한일네트웍스"
"148140","비디아이"
"067920","이글루시큐리티"
"090370","아비스타"
"208350","지란지교시큐리티"
"043910","자연과환경"
"009730","코센"
"176750","듀켐바이오"
"221610","한솔씨앤피"
"004410","서울식품"
"010770","평화홀딩스"
"065560","큐브스"
"033790","서화정보통신"
"069540","라이트론"
"104460","동양피엔에프"
"005820","원림"
"060540","에스에이티"
"131400","액트"
"036260","이매진아시아"
"007370","진양제약"
"115610","이미지스"
"189690","포시에스"
"081970","한솔넥스지"
"079000","와토스코리아"
"021040","대호피앤씨"
"101160","월덱스"
"008370","원풍"
"094970","제이엠티"
"035460","기산텔레콤"
"090740","연이정보통신"
"082800","루미마이크로"
"069330","유아이디"
"090410","덕신하우징"
"002690","동일제강"
"170790","파이오링크"
"256940","케이피에스"
"020180","대신정보통신"
"078650","코렌"
"000760","이화산업"
"027970","세하"
"039020","이건홀딩스"
"104040","대성파인텍"
"113810","디젠스"
"031820","콤텍시스템"
"123570","이엠넷"
"015020","이스타코"
"007770","한일화학"
"032860","GMR 머티리얼즈"
"093230","이아이디"
"012340","뉴인텍"
"011390","부산산업"
"003465","유화증권우"
"196450","온다 엔터테인먼트"
"071950","코아스"
"106080","하이소닉"
"039240","경남스틸"
"003580","동원"
"009190","대양금속"
"064820","케이프"
"189860","서전기전"
"220100","퓨쳐켐"
"256090","패션플랫폼"
"115480","씨유메디칼"
"054180","중앙오션"
"092300","현우산업"
"045890","동부라이텍"
"050120","라이브플렉스"
"043590","크로바하이텍"
"052860","아이앤씨"
"098120","마이크로컨텍솔"
"182360","큐브엔터"
"099220","SDN"
"033310","디케이디앤아이"
"019770","서연탑메탈"
"196700","웹스"
"238120","로고스바이오"
"131220","대한과학"
"052460","아이크래프트"
"210120","빅텐츠"
"208140","정다운"
"08537M","루트로닉3우C"
"066790","씨씨에스"
"013700","까뮤이앤씨"
"053110","소리바다"
"032750","삼진"
"078130","국일제지"
"009810","엔케이물산"
"229480","줌인터넷"
"024900","덕양산업"
"085670","뉴프렉스"
"001000","신라섬유"
"066430","와이오엠"
"011300","성안"
"003925","남양유업우"
"032580","피델릭스"
"091580","상신이디피"
"053660","현진소재"
"128660","피제이메탈"
"008110","대동전자"
"051170","썬코어"
"134790","팀스"
"119500","포메탈"
"002220","한일철강"
"068050","팬엔터테인먼트"
"203400","에이비온"
"086060","진바이오텍"
"050760","에스폴리텍"
"051390","YW"
"010660","화천기계"
"069460","대호에이엘"
"101670","코리아에스이"
"065440","이루온"
"002680","한탑"
"139050","아이지스시스템"
"094940","푸른기술"
"003780","진양산업"
"100660","서암기계공업"
"021880","메이슨캐피탈"
"006110","삼아알미늄"
"033430","코리드"
"054920","한컴시큐어"
"052600","한네트"
"024060","흥구석유"
"056000","신스타임즈"
"065500","오리엔트정공"
"101400","네오피델리티"
"000520","삼일제약"
"138610","나이벡"
"071090","하이스틸"
"101930","인화정공"
"036480","대성미생물"
"044060","조광ILI"
"114190","웰크론강원"
"171010","램테크놀러지"
"067730","로지시스"
"141070","맥스로텍"
"082660","삼우엠스"
"215380","우정비에스씨"
"224110","에이텍티앤"
"115570","스타플렉스"
"064290","인텍플러스"
"010580","지코"
"012620","원일특강"
"053270","구영테크"
"048470","대동스틸"
"021650","한국큐빅"
"100030","모바일리더"
"005670","푸드웰"
"054930","유신"
"015540","핫텍"
"217190","제너셈"
"002870","신풍제지"
"054630","에이디칩스"
"013000","세우글로벌"
"115440","우리넷"
"060900","퍼시픽바이오"
"089530","에이티세미콘"
"205290","케미메디"
"153460","네이블"
"130500","GH신소재"
"094190","이엘케이"
"078350","한양디지텍"
"072770","네오디안테크놀로지"
"200710","에이디테크놀로지"
"019590","엠벤처투자"
"081150","티플랙스"
"073540","에프알텍"
"105740","디케이락"
"009470","삼화전기"
"033050","제이엠아이"
"007460","나라케이아이씨"
"155900","바다로19호"
"010420","한솔PNS"
"214610","나노바이오시스"
"101140","아티스"
"037400","우리조명"
"075970","동국알앤에스"
"070300","한솔시큐어"
"131090","시큐브"
"039610","화성"
"206950","볼빅"
"000950","전방"
"046120","오르비텍"
"250300","제이에스피브이"
"006050","국영지앤엠"
"019180","티에이치엔"
"094860","코닉글로리"
"036120","SCI평가정보"
"032280","삼일"
"049720","고려신용정보"
"020120","다우인큐브"
"060230","이그잭스"
"024740","한일단조"
"009180","한솔로지스틱스"
"109820","진매트릭스"
"010240","흥국"
"007280","한국특수형강"
"109080","옵티시스"
"005255","녹십자홀딩스1우"
"003680","한성기업"
"067010","이씨에스"
"080470","성창오토텍"
"014910","성문전자"
"091340","S&K폴리텍"
"023440","제일제강"
"044780","에이치케이"
"054300","팬스타엔터프라이즈"
"150900","파수닷컴"
"008800","행남생활건강"
"038340","리젠"
"032980","바이온"
"065420","에스아이리소스"
"204690","다린"
"041020","인프라웨어"
"038010","제일테크노스"
"006200","한국전자홀딩스"
"000440","중앙에너비스"
"072950","빛샘전자"
"130740","티피씨글로벌"
"243870","굿센"
"048830","엔피케이"
"148250","알엔투테크놀로지"
"154030","아시아종묘"
"086670","비엠티"
"005030","부산주공"
"219130","타이거일렉"
"000105","유한양행우"
"134580","디엠티"
"085980","세화피앤씨"
"043260","성호전자"
"093380","풍강"
"070590","한솔인티큐브"
"002355","넥센타이어1우B"
"051630","진양화학"
"025880","케이씨피드"
"044990","에이치엔에스하이텍"
"039740","한국정보공학"
"053160","프리엠스"
"029480","바른테크놀로지"
"054340","엔알케이"
"046310","백금T&A"
"222810","닉스테크"
"035200","프럼파스트"
"008775","호텔신라우"
"103230","에스앤더블류"
"010600","와이비로드"
"058450","일야"
"001465","BYC우"
"054410","케이피티"
"105330","케이엔더블유"
"192410","감마누"
"204210","모두투어리츠"
"097800","윈팩"
"002290","삼일기업공사"
"060480","국일신동"
"182690","테라셈"
"060380","동양에스텍"
"008500","일정실업"
"047440","레이젠"
"200580","메디쎄이"
"077280","한컴지엠디"
"090150","광진윈텍"
"030720","동원수산"
"025890","한국주강"
"079170","한창산업"
"080440","에스제이케이"
"158310","인터불스"
"011230","삼화전자"
"224810","엄지하우스"
"052190","이에스에이"
"012600","청호컴넷"
"119830","아이텍반도체"
"069140","누리플랜"
"230980","솔트웍스"
"001420","태원물산"
"221800","유투바이오"
"009140","경인전자"
"004920","씨아이테크"
"078940","일경산업개발"
"005320","국동"
"050320","에스아이티글로벌"
"043360","디지아이"
"167380","나무기술"
"139670","넥스트리밍"
"140890","트러스제7호"
"065770","CS"
"045300","성우테크론"
"127120","디엔에이링크"
"234070","에이원알폼"
"003475","유안타증권우"
"101680","한국정밀기계"
"024940","PN풍년"
"066830","제노텍"
"178600","대동고려삼"
"258250","피시피아비아이티"
"001770","신화실업"
"051380","피씨디렉트"
"098660","에스티오"
"246250","에스엘에스"
"023960","에쓰씨엔지니어링"
"121890","에스디시스템"
"225860","엠앤씨생명과학"
"099410","동방선기"
"036620","버추얼텍"
"127160","매직마이크로"
"087220","스틸플라워"
"033250","체시스"
"023790","동일철강"
"058420","제이웨이"
"026910","광진실업"
"078590","두올산업"
"253840","수젠텍"
"073190","디비케이"
"004365","세방우"
"002025","코오롱우"
"236340","메디젠휴먼케어"
"067770","세진티에스"
"058110","멕아이씨에스"
"016920","카스"
"172580","하이골드12호"
"194610","우성아이비"
"073010","케이에스피"
"019570","제미니투자"
"023770","플레이위드"
"009620","삼보산업"
"053060","세동"
"091440","텔레필드"
"080580","오킨스전자"
"153360","하이골드3호"
"099340","하나니켈1호"
"134060","이퓨쳐"
"232680","라온테크"
"202960","판도라티비"
"232270","케이비제9호스팩"
"238500","로보쓰리"
"002420","세기상사"
"025870","신라에스지"
"089890","고려반도체"
"226610","한국비엔씨"
"019490","하이트론"
"089790","제이티"
"138290","지성이씨에스"
"232360","아스팩오일"
"233190","미래자원엠엘"
"007530","영신금속"
"045340","토탈소프트"
"073570","에이티테크놀러지"
"038530","골드퍼시픽"
"141020","포티스"
"266870","플렉스파워에이더블유에스"
"123010","옵토팩"
"010640","진양폴리"
"186230","그린플러스"
"013720","청보산업"
"099520","ITX엠투엠"
"086220","네추럴FNP"
"228180","티씨엠생명과학"
"093640","다믈멀티미디어"
"042940","르네코"
"116100","태양기계"
"096350","대창솔루션"
"076340","관악산업"
"109070","KGP"
"208850","이비테크"
"159650","하이골드8호"
"073640","삼원테크"
"024850","피에스엠씨"
"087730","네패스신소재"
"225850","미애부"
"062580","인산가"
"226400","오스테오닉"
"008830","대동기어"
"096870","엘디티"
"224760","엔에스컴퍼니"
"222670","플럼라인생명과학"
"051160","지어소프트"
"140910","에이리츠"
"005725","넥센우"
"086250","화신테크"
"051980","넥스트바이오홀딩스"
"242350","피엔아이시스템"
"145995","삼양사우"
"232290","SGA시스템즈"
"064850","에프앤가이드"
"123260","사파이어테크놀로지"
"191600","티케이씨"
"183350","엘피케이"
"222390","케이비제8호스팩"
"115530","씨엔플러스"
"000087","하이트진로2우B"
"242420","본느"
"226850","키움스팩4호"
"088290","이원컴포텍"
"131100","리켐"
"020400","대동금속"
"005257","녹십자홀딩스2우"
"219420","링크제니시스"
"251960","엠에프엠코리아"
"033600","이젠텍"
"217880","틸론"
"158300","에스에이티이엔지"
"140290","청광종건"
"215570","크로넥스"
"148780","비플라이소프트"
"107640","한중엔시에스"
"225220","제놀루션"
"000075","삼양홀딩스우"
"225570","엔에이치스팩9호"
"212310","휴벡셀"
"135160","지오씨"
"215050","비엔디생활건강"
"156170","비앤에스미디어"
"004135","대덕GDS우"
"239890","피엔에이치테크"
"001685","대상우"
"198440","엔에이치스팩3호"
"112190","KC산업"
"199870","세기리텍"
"009835","한화케미칼우"
"230240","하나금융7호스팩"
"199150","데이터스트림즈"
"217620","한화ACPC스팩"
"246830","시냅스엠"
"234100","세원"
"003495","대한항공우"
"258540","스템랩"
"227950","골든브릿지제4호스팩"
"136660","큐엠씨"
"001515","SK증권우"
"227420","오백볼트"
"197140","디지캡"
"004255","NPC우"
"001140","국보"
"086460","에스엔피제네틱스"
"240340","인터코스"
"219860","한화에이스스팩2호"
"004105","태양금속우"
"242040","교보비엔케이스팩"
"218410","엔에이치스팩8호"
"256630","엔에이치스팩10호"
"260970","에스앤디"
"120780","전우정밀"
"221950","케이비드림3호스팩"
"256840","엔에이치스팩11호"
"007815","코리아써우"
"101360","이엔드디"
"218710","키움스팩3호"
"221200","유진스팩3호"
"005745","크라운해태홀딩스우"
"224020","에스케이씨에스"
"252370","유쎌"
"126340","비나텍"
"219960","유안타제2호스팩"
"226340","에이치엠씨3호스팩"
"083590","아시아12호"
"083600","아시아13호"
"083580","아시아11호"
"083570","아시아10호"
"230400","자비스"
"199290","바이오프로테크"
"215750","미래에셋제3호스팩"
"222160","바이옵트로"
"204620","유안타제1호스팩"
"220110","드림티엔터테인먼트"
"058970","엠로"
"232830","시큐센"
"204440","대우스팩2호"
"114920","대주이엔티"
"095300","세한엔에스브이"
"205470","하이제2호스팩"
"173130","오파스넷"
"003535","한화투자증권우"
"149010","아이케이세미콘"
"252500","IBKS지엠비스팩"
"204650","케이티비스팩1호"
"204760","현대에이블스팩1호"
"207930","SK1호스팩"
"215090","유진에이씨피씨스팩2호"
"214150","케이티비스팩2호"
"009415","태영건설우"
"215580","대우스팩3호"
"223040","교보5호스팩"
"240540","한국4호스팩"
"007575","일양약품우"
"26490K","크라운제과우"
"241510","이에스산업"
"226360","케이비드림4호스팩"
"217320","썬테크"
"230490","동부제4호스팩"
"019175","신풍제약우"
"250930","케이비제10호스팩"
"223220","구름컴퍼니"
"225590","신영스팩2호"
"251540","에스와이제이"
"000885","한화우"
"262830","대신밸런스제4호스팩"
"189350","코셋"
"002005","한국유리우"
"083610","아시아14호"
"219580","골든브릿지제3호스팩"
"083620","아시아15호"
"235010","하이에이아이1호스팩"
"217810","엔에이치스팩7호"
"239340","미래에셋제5호스팩"
"084440","유비온"
"217500","하이제3호스팩"
"232530","이엠티"
"225430","IBKS제3호스팩"
"200350","래몽래인"
"165270","금오하이텍"
"135270","세종머티리얼즈"
"254120","IBKS제5호스팩"
"211050","인카금융서비스"
"226440","동부스팩3호"
"140660","위월드"
"001795","대한제당우"
"006345","대원전선우"
"225440","이베스트스팩3호"
"251280","안지오랩"
"206660","골든브릿지제2호스팩"
"218150","하나머스트5호스팩"
"083350","동북아10호"
"083390","동북아14호"
"083360","동북아11호"
"210610","소프트캠프"
"245030","스페이스솔루션"
"083370","동북아12호"
"083380","동북아13호"
"232330","SK3호스팩"
"004545","깨끗한나라우"
"000225","유유제약1우"
"021045","대호피앤씨우"
"257730","신한제3호스팩"
"208870","하나머스트3호스팩"
"092590","럭스피아"
"001745","SK네트웍스우"
"014825","동원시스템즈우"
"220260","케이프이에스스팩"
"103660","씨앗"
"009275","신원우"
"013367","일성건설2우B"
"121060","유니포인트"
"215100","하나머스트4호스팩"
"258790","케이비제11호스팩"
"084695","대상홀딩스우"
"001525","동양우"
"247300","인프라웨어테크놀러지"
"264290","한화에이스스팩3호"
"002995","금호산업우"
"011155","CJ씨푸드1우"
"185190","수프로"
"18064K","한진칼우"
"016385","동부제철우"
"263770","신영스팩3호"
"012205","계양전기우"
"099350","하나니켈2호"
"091270","유디피"
"005965","동부건설우"
"207720","엔에이치SL스팩"
"000725","현대건설우"
"245450","씨앤에스링크"
"010145","삼성중공우"
"000145","하이트진로홀딩스우"
"014285","금강공업우"
"189330","씨이랩"
"004565","현대비앤지스틸우"
"252940","에스엠로보틱스"
"014915","성문전자우"
"189700","디피앤케이"
"00781K","코리아써키트2우B"
"179720","옐로페이"
"001755","한양증권우"
"004835","덕성우"
"242850","영현무역"
"000995","동부하이텍1우"
"090355","노루페인트우"
"000547","흥국화재2우B"
"003415","쌍용양회우"
"032685","소프트센우"
"003075","코오롱글로벌우"
"001065","JW중외제약우"
"004985","성신양회우"
"235090","씨케이컴퍼니"
"244880","나눔테크"
"002785","진흥기업우B"
"001527","동양2우B"
"004415","서울식품우"
"189540","씨티네트웍스"
"001067","JW중외제약2우B"
"000545","흥국화재우"
"001799","대한제당3우B"
"000325","노루홀딩스우"
"267810","앙츠"
"002787","진흥기업2우B"
"008355","남선알미우"
"260490","캐로스"
"004989","성신양회3우B"
"003419","쌍용양회3우B"
"000227","유유제약2우B"
"183410","데카시스템"
"001529","동양3우B"
"208890","에듀케이션파트너"
"004987","성신양회2우B"
"000327","노루홀딩스2우B"
"110660","세신버팔로"
"144740","피엠디아카데미"
